content,Label
Gak jelas,negatif
Aplikasi bodong udah d lunasi limit malah turun terus gak bisa d pinjam lagi,negatif
"Lama kelamaan aplikasinya gg bener, mau pinjam ditolak terus , limit dana cicilnya juga tidak ada padahal sudah buat akunya lebih dari 1tahun. Kasian yg dulunya pernah pinjam berhasil terus bayarnya pun dengan bunga juga terus mau pengajuan lagi ditolak karena alesannya sistem. Sistem kan yg buat manusia. Payah",negatif
"hati2 penipu.. saya sudah pengajuan pinjaman dan di setujui ,tapi uang tidak masuk dan ada tagihannya .. aplikasi penipu.. chat cs yg bales bot .. telp cs jawabnya asal2an ..",negatif
Sudah lunas masih di telpon penagihan. Maksudnya gimana,negatif
Merugikan,negatif
"Akulaku ga danta saya sudah minjam 7 x selalu lolos, dan ga pernah telat bayar, untuk x ini saya minjam ga lolos koplak emg",negatif
bayar tagihan gk pernah telat giliran mau minjam lagi gk bisa ...parah si,negatif
Parah pembodohan akulaku bangkrut bayar lunas gk pernah telat mau ngajuin lagi limit minim kaya tempe,negatif
Ga bisa leter,negatif
"ini app aneh, orang tdk pernah pinjam tapi diteror suruh bayar",negatif
"Tolong ya sekiranya ngasih limit itu yg bener! Kasih limit itu yg bisa dipake. Kasih limit tapi tak bisa dipake! Gimana mau transaksi. Saya belum pernah ambil barang apapun, paylater saya tiba2 tdk bisa dipake",negatif
"Akulaku saya sudah selama 3 bulan lebih tidak bisa di pergunakan,saya sudah tidak memiliki tunggakan,mohon bantuannya.Terimakasih",negatif
"Perbaiki dulu bug nya, masa paylater gak bisa digunakan. Semua keluhan org bgtu. Tapi gak ada perubahan",negatif
luar biasa bagus dan mantab,positif
"Saya udah gak ada cicilan dan sy juga sudah gk ada pinjaman, dari akulaku slalu menawarkan pinjaman, tapi sayangnya paylater dan pinjaman tidak bisa di gunakan, jujur sy sudah kecewa dengan akulaku, mulai hari ini sy uninstal akulaku. Pelayanan akulaku udah gak sebagus dulu.",negatif
Aplikasi ini sangat sangat tidak profesional.,negatif
Bobrok sudah lunas pengajuan lagi di tolak hatiÂ² penipuan data,negatif
"ga jelas banget ni aplikasi stlh pelunasan ga bisa ngajuin lagi , di bayar cepet salah di bayar lambat salah . tutup aja sekalian drpd ga jelas",negatif
"sungguh mmbantu,skali",positif
"Aplikasi nya sih bagus cuma sayang data kita tidak terlindungi, saya kredit barang setelah barang sampai ada yg nelpon mengatasnamakan akulaku dg alasan konfirmasi pesanan,, saya kira itu beneran ternyata itu penipuan.. dan saya kena tipu 1,2jt",negatif
Hati hati sama apk ini banyak penipuanya gaes,negatif
"Aneh banget tiba tiba limit di turunin bayar tepat waktu. udah engga bener banget ni aplikasi, awalanya suka banget dengan aplikasi ini sangat membantu tetapi ujung ujungnya mengecewakan banget.",negatif
"Terimakasi Infonya tmn"" sebelumnya ingin Donlod tapi Takut juga mau pinjem ke Akulaku-Pinjeman #terjerat",negatif
"Tolong hpus semua data saya,akulaku semakin gak jls pinjaman sllu gagal,awal saja bgus skrg makin gak jelas,, menjengkelkan",negatif
"Kecewa skrng am akulaku awal pinjaman pertama gampang,mlh skrng pengajuan pnjm lgi susah",negatif
"Apk aneh, gapernah telat bahkan jauh sebelum jatuh tempo sudah di bayar dan lunas ,, malah ga bisa pinjam lagi kacau, apus data gua gabakal gua pake apk ga jelas",negatif
"Gila baru telat sbntr aja udh di ancam mau celakai keluarga, bahaya bener aplikasi ini",negatif
Saya sangat kecewa juga sama Akulaku skrg ga semudah dulu. Knp ya padahal saya bayara sebelum jatuh tempo.. dan juga malah limit menurun,negatif
Barang banyak yang palsu,negatif
"Tlng hapus data pribadi saya,,pengajuan ditolak teruss.. jangan salah gunakan data pribadi sya",negatif
Paylaternya tidak bisa di gunakan.,negatif
Setiap pengajuan selalu gagal ..masalah apa sih sama saya heran ......ðŸ˜«ðŸ˜«ðŸ˜«ðŸ˜«,negatif
"Akulaku kenapa si,. Semua pada kecewa karna limit di turunin,. Padahal angsuran gak telat,. Tapi pengajuan nya malah di nominal awal lagi turun jauh bgt,.. awalÂ² limit tinggi sekarang balik ke mlimit awal lagi pantesan pada kecewa ,.. di apl gak jelas bgt dah!!!! Bnyak yg kecewa coba perbaiki apl nya atau sistem nya",negatif
"AL memang gk jelas, Katanya ajukan mudah dan cepat, tapi sya ajukan di tolak terus, padahal persyaratan dah lengkap. Nama sya juga bersih dari bank manapun.... Di bank besar saja sya selalu di acc, cuma aplikasi ini paling GJ. Aplikasi tak jelas",negatif
SANGAT-SANGAT MEMBANTU AWALNYA...TAPI AWALNYA SAJA....SETELAH PINJAMAN KETIGA KALI DINYATAKAN TIDAK LOLOS VERIFIKASI KARENA PEMBAYARAN YANG TERLAMBAT...HALOOOOOO...SISTEM MU YANG JELEK...SAYA BAYAR BELUM JATUH TEMPO MALAH DINILAI JELEK...OJK TOLONG DIBUBARKAN DAN CABUT SAJA IJINNYA,negatif
"MAU BAYR CICILAN AJA DI PERSULIT, NOMER UDAH BENER. BISA2 NYA KODE BRIVA GA DI TEMUKAN DI PEMBAYARAN, ANEH2",negatif
Limit hampir 10jta dan tidak ada keterlambatan tapi tidak bisa dipakai gini,negatif
"Saya sudah melunasi pinjaman tinggal melunasi cicilan paylater baru akun Akan saya hapus, semakin kita membayar tepat waktu semakin limit rendah tidak ada guna, Tidak bisa bedakan Mana yang Amanah mana yang tidak kacau",negatif
"Padahal udah lunas pas mau ngajuin lg proses gagal terus, bagua di awal doang!",negatif
Mau bayar via ovo gagal terus nanti kalau saya gak bayar ribut Mohon bantuannya kenapa via ovo gagal terus,negatif
"Jgn belanja produk yg barang murah di Aplikasi ini...krn tidak Real pic yg dtg, beda dgn katalog Terus Pengiriman video tidak tersedia.. Parah ini aplikasi",negatif
Ribet,negatif
"Udh hampir 3bln ngajuin pinjaman selalu ditolak, padahal pembayaran selalu tepat dan sebelum japo, kadang akulaku mood moodan ngasih pinjemnya, kecewa sih",negatif
kalo paylaternya ga bisa dipake sekalian matiin aja kak. gak guna juga. akulaku kemarin sangat mempermudah buat isi pulsa pake paylater skrg malah gabisa. buat minjem tok itu pun limitnya gak naik naik. heran. katanya memudahkan kok malah makin mempersulit?,negatif
aplikasi busuk mending gausah didonlot bloon gajelas semua di limitin makin downgrade kalah sama shoope wooooo,negatif
"Uninstal Aplikasi, sudah lunas tapi tidak bisa mengajukan pinjaman",negatif
Ingin mengubah ulasan udah beberapa kali di ajukan gagal terus gak pernah berhasil saya kasih bintang 1 sangat kecewa,negatif
Udah pinjem malah gabisa pinjem lagi kocak,negatif
Hooooooooooh,negatif
Aplikasi ga jelas,negatif
udah lunas tidak bisa pinjam pagi spylatter 8 juta tidak bisa di pakai aplikasi burik tidak ada tagihan kecewa dengan akulaku sangat kecewa sekali ..akulaku sangat mengecewakan akulaku aplikasi terburuk sepanjang masa,negatif
"Awalnya boleh lah.... Qris g bisa di gunakan buat belanja di indomart dan alfamart ( upgread fitur ) mau berapa lama, kontak CS yang jawab bukan manusia... jawabanya itu2 melulu",negatif
Tidak punya cicilan dari dulu lancar.. dan paylater tidak bosa,negatif
Sangat buruk pembayaran rutin tidak pernah telat tapi kenapa pengajuan lagi di tolak sangan tidak puas,negatif
Tolong DataÂ² Saya Dihapus Karna Saya Gagal Pinjem Uang Di aplikasi Akulaku Padahal Persyaratannya Udah Lengkap Sekali Tetapi Selalu Gagal Terus Kacau Dan Parah AKULAKU Kesini yeðŸ¤¦ðŸ»â€â™‚ï¸,negatif
Memang saya pernah pinjam tp pernah telat tp saya bertanggung jawab atas denda nya tp sudah 1 tahun yang lalu saya mau pinjam lagi eee taunya di mentahin ya saya hapus saja dan tidak bisa pinjam lagi namanya manusia ada kesalahan tapi yg membuat peraturan sistem atau manusia.... JD mohon pengertiannya,negatif
"Tidak ada solusi,minjam bayar cicil sampe sekarang gak ada.cuma tempo sebulan bikin hidup makin susah",negatif
"Ak laku ga jelas..limit paylater ga bisa di pakai,.sedangkan cicilan ga pernah telat dr pembayaran..masa tiba tiba gini,.klo paylater ga bisa di pakai buat ap di pertahankan..unistal Bae lah,bnyk yg laen lebih murah LG,.kynya mu bangkrut ni Akulaku..sorry yee w pindah ke yg laen..bay.",negatif
Paylater miskin gak guna . Mau bangkrut mau beli barang harga 10rb aja harus pake dp . Uninstal aja ðŸ‘ŽðŸ‘ŽðŸ‘ŽðŸ‘ŽðŸ‘Ž,negatif
"Gak guna hapus permanen,,bayar lancar limid malah turun terus sampai GK bisa ambil pengajuan lagi,,, saran buat yang lain jika limid mulai turun mending GK usah dibayar sekalian",negatif
sangat buruk,negatif
Pinjol laknatullah,negatif
Nggk bermanfaat sama sekali,negatif
Sudah bayar lewat via dana sudah sukses tapi di aplikasi akulaku tidak masuk,negatif
Sayang limit nya engga bisa di pakey,negatif
Gimana sih akulaku biasanya untuk pengajuan ACC 10 menit malah udah 2 hari gak ada jawaban Dari historis aja keliatan gak pernah telat untuk pembayaran Kecewa lah sama akulah gimana bisa malah tambah susah di sini,negatif
Ok,positif
Tidak berguna,negatif
setelah sekian lama kujadikan akulaku sebagai penolong terbaik...tapi sekarang sungguh sangat mengecewakan....paylater saya tidak bisa lagi di pakai ...padahal ..saya bayar selalu tepat waktu.....,negatif
Makin buruk semenjak lisensi dicabut OJK. Limit besar tetap ga bisa gunakan tanpa alasan apapun.,negatif
"Apk ga jelas ga guna,data"" udah bener"" real jelas lengkap,d kasih limit ampe 3jt lebih,tapi percuma ga kepake pisan,buat plsa yg 50rb aja ga bisa d pake limitnya. Klo bisa gua kasih bintang zero ðŸ¤¦ Ku aink hapus ayeuna keneh apk na...!",negatif
"Baru ngambil 1x,setelqh saya lunasin gk bsa ngambil lg payahðŸ‘Ž",negatif
Untuk limite mohon di perhatikan lagi .kalau bisa limite supaya ada kenaikan .telat 1 hari dari jatuh tempo siang di bayar kan dengan angsurang 2x .di lunasin .limite turun ambil tidak bisa.sudah lama untuk limite tidak ada perkembangan.di karenakan pengajuan tanggal 29/03/2024 .pembayaran jadi tanggal 28/04.di bayar 29/04.tidak di cicil angsuran pertama .angsuran sepenuhnya tapi tidak bisa pengajuan .sangat di sayangkan .untuk tenor juga suka ganti2 .lebih menarik yang dulu.,negatif
GK bisa ambil lagi padahal limit bisa naik tapi GK bisa di ambil lgi,negatif
Hapus data saya karna aplikasinya sudah saya hapus,negatif
"Sangat menjengkelkan, pertama emng membantu tapi setelah mau pengajuan kedua kenapa harus dipersulit",negatif
Aplikasi ini tidak sesuai dengan iklannya ...awal nya saya mau pengajuan pinjaman teryata bisa nya dikasih limit pinjaman 200 ribu ...dan pada akhir nya saya tidk jadi pinjam ..kalo cuma 200 ribu tidak usah pinjam punya saya peak ...tolong data saya di privasi/dihapus ....jika ada trnfer.an / pinjaman itu bukan saya ....saya mau unistallapl ini ....tidak berguna ..trima kasih tidak membantu blas....,negatif
Aplikasi paling Aneh!,negatif
Gak jelas !!!!!!,negatif
Padahal udah lunasin tp kenapa masih ada keterangan total tagihan. Bener2 kecewa ðŸ˜­,negatif
Sudah di lunasi ngk bisa pinjam lagi,negatif
Untuk akulaku knp ya payleter sya g bisa di pke terus buat apa ada limit,negatif
Akulaku ko jadi aneh ya abis dilunasin semua malah kredit kurang tidak bisa pengajuan pinjeman lagi,negatif
Pey pihak akulaku ajig hapus data-data guwah ajig guwah udah blok aplikasi guwah ajig akulaku babi basat harga mahal okir mahal payater 12jt gabisa digunakan padahal pembayaran gapernah telat dasar aplikasi busuk,negatif
Kenapa sekarang tidak bisa menggunakan cicilan pulsa?,negatif
Akulaku parah kaga bisa ngajuin pinjaman lagi..takut kaga di bayar ya,negatif
"Sekian lama nunggu, akun udah gak bisa dipakai,buat apa dipiara, menuh menuhin beranda aja, maaf saya hapus, karena memang sudah tidak jelas, limit gak bisa dipake, pinjamam gak bisa dipake, mikir mikir mending kalo mau pake aplikasi ini, dibikin ribet soalnya",negatif
"Masa saya mau pinjam duitnya gak di accc,tolong di update",negatif
Gak jelas. Saya belum pernah telat bayar! Bahkan seminggu sebelum jatuh tempo saya sudah bayar duluan. Tapi ini beda malah saya disangka telat bayar! Gara-gara akulaku saya tidak bisa pinjol di aplikasi lain. Parah ! Sumpah,negatif
Telat 2 hari kenapa bunga sampai 1juta? Stres apa gimana ini???,negatif
di tolak trus pinjaman & paylatternya jd gue hapus aja,negatif
"Pembayaran lunas terus,malah dibayar semua beberapa kali sebelumnya,dibayar sebelum waktunya lagi,ko limit malah makin berkurang,gak sesuai sama yg ditawarkan,gimana sih,tau gituh gak saya bayar semua.",negatif
Byar tepat waktu tapi nggk dikasih pinjaman lagi,negatif
Aplikasi gak guna,negatif
Jadi gabisa pengajuan,negatif
Membantu sekali,positif
"Ya benar apa yg di,,komentar teman teman,,awal nya bagus,,tambah ke sini tambah gak jlz,,kita bayar 4hari sebelum jatuh tempo,,begitu naik limit eh tryata tidak bisa di gunakan,,alasan verifikasi tidak lolos,,saya minta tolong hapus aja data saya,",negatif
Mengerikan sistem pengamanannya,negatif
bayar tidak pernah telat limit juga bertambah tapi dikuci dan tidak bisa dipakai,negatif
"Makin kesini makin gak bisa di andalkan,limut tersedia tapi tidak bisa di pakai,gimna sih?",negatif
Tolong dri pihak akulaku untuk hapus data data saya.,negatif
"Paylatter tdk dpt di gunakan,padahal bayar ga pernah telat.. pinjaman uang tdk bisa di gunakan,padahal selama menggunakan ga pernah telat bayar.",negatif
pinjaman pertama ok malah saya bayar di awal tapi pas pinjaman ke 2 saya gagal trus apa aplikasi kaya gini harus di bayar tetap tgl nga bisa di bayar sebelum jatuh tempo,negatif
Gak tau semakin jelek playlater gak bisa digunakan pinjaman juga gak bisa digunakan,negatif
Terima kasih aku laku udh 5 tahn saya Makai aplikasi ini sekarang saya udh ga Makai lagi data saya minta di hapus Ats nama urhayati trima kasih,negatif
Pengajuan pertama berhasil dan udah lunas sesuai jatuh tempo..tp kok sekarang mau pengajuan lg gak bisaðŸ¤¦â€â™€ï¸ðŸ¤¦â€â™€ï¸ðŸ¤¦â€â™€ï¸,negatif
Sangat membantu pinjaman ny tp uda lunas knp limit jd trun tlong donk sistem ny diperbaiki,negatif
Kenapa paylater sekarang di batasi ?,negatif
"Limit paylater saya tidak pernh bs digunakan lg, katanya krn skor kredit saya rendah. Padahal saya tdak pernh menunggak di App.Akulaku sama sekali. Apa krn saya menunggak di aplikasi lain, itu dijadikan alasan paylater saya tdk bs di gunakan?? Klo memang begitu lbih bagus paylater saya di hapus saja jgn dibuat seolah ada tp tdk bs di gunakan sama sekali.",negatif
"Kenapa nih padahal aku slalu tepat bahkan jauh jauh hari aku sebelum jatuh tempo loh , kok sekarang gini sih pengajuan kredit tidak tepat waktu gimana nih",negatif
"Mohon maaf sementara saya kasih 2 bintang dulu, karna pengajuan ku tidak lolos.",negatif
baik cepat dan membantu,positif
Limit ga bisa di gunakan parah,negatif
"Limit 10juta lebih, buat pulsa ga bisa.. Alesannya limit rendah.. 10 juta itu rendah??? Bertahun2 pakai akulaku, paylater buat pulsa kok ga bisa..",negatif
Ini aplikasi yg baik dan bagus,positif
Sudah bayar lunas+denda 2bulan yg lalu tapi setiap pengajuan lagi pinjaman dikunci gx bsa mengajukan lagi sangat kecewa,negatif
"Mao bayar angsuran pinjaman pertama Telat 1 hari, kaget liat bunga 100% ðŸ¤”",negatif
Entah kenapa pylternya gk bisa di gunakan dan limit pinjamanya semakin menurun padahal bayar tepat waktu..aku kurangin bintangnya..,negatif
Min tolong in saya min ini saya mau bayar tagihan tpi akun ny harus login min sedangan nomor handphone saya sdh tidak ada min tolong in min gmana ini saya minðŸ˜­ðŸ˜­ðŸ˜­ðŸ˜­ini siapa pun yang sama seperti saya tolong kasih tau saya,negatif
Kenapa saya telat bayar 1 hari kenapa gabisa d cicil pembayarannya kecewa bnget,negatif
Belum di acc juga,negatif
Bisa membantu,positif
Kenapa mengajukan apa2 selalu gagal. Kenapa diksh limit kalo tidak bisa digunakanðŸ¥²ðŸ¥²,negatif
Turun lagi bintang karna blanja lewat playlater udah ga bisa. Padahal limit ada 8juta lebih. Percuma limit gede tapi ga bisa di pake.,negatif
Limitnya tdk bisa dipakai buat belanja,negatif
dua bintan ja.... kg bisa vinjem duit...hehehehhhhhh,negatif
Ga bisa dipake lagi . Hahaha,negatif
Akulaku tidak bisa di gunakan,negatif
"Saya pengguna baru belum begitu paham, butuh limit minimal 1,5juta buat keredit hp tapi dapatnya cuma 800rb",negatif
"Ngak pernah terlambat membayar, pagu nya masih banyak kok ngak bisa digunakan lama lama tambah parah ini aplikasi.paylater masih banyak ngak bisa di gunakan.",negatif
"Aku udah tak jadi pinjam uang ke Akulaku, kok banyak banget yang menagih hutang ke nomor HP gue?? Padahal aku lihat di rekening tabungan tak ada uang masuk..?? Namun aku udah dapat uang pinjaman dari Bank BCA Rp. 5,4 Milyar Rupiah.",negatif
Setelah pelunasan kok gak bisa pinjam lg...mana limit berkurang pula...tolonglah di perbaiki ..dah enak bgt padahal apk ini..,negatif
limit tidak bisa si gunakan untuk pulsa,negatif
Akulaku jaya terussaya tidak bisa pengajuan pinjaman lagi,negatif
Ok,positif
Awal bagus limit gede sekarang menrun udah ambil barang banyak tambah turun trs pijam jg bagus setron lancar tpi sekrang mau ambil lagi eh tenor hanya 1 bulan kirain setoran lancar bakal libih bagus ternyata gk sesue harapan,negatif
"saya kasih bintang 2 dulu ya di karenakan kurang 2 Minggu sudah saya lunasi, pengajuan lagi lah kok nggk bisa. gak jelas nih akulaku. padahal nggk pernah telat namun dapat notice untuk menyelesaikan pembayarannya",negatif
Paylater buat topup pulsa gagal terus,negatif
Kenapa ini akulaku terlambat sehari gede bnget denda'a sampe 700 rbu,negatif
"Pertama sy pinjam d akulaku cepat proses dan pencarian nya,,,TPI pas saya bayar dan mau pinjam lgi pembayaran saya lambat katanya apanya yg lambat jatuh tempo tgl 26 saya bayar tgl 26 di mana nya yg telat",negatif
Memberi bintang 2.soalnya limitnya bukannya bertambah malah berkurang berkurang terus. Padahal membayarnya tepat waktu dan kadang jauh sebelum jatuh tempo sudah dibayar.,negatif
Ga sabaran DC nya,negatif
Tidak bisa di pake lagi,negatif
Saya tidak ad tunggakan di akulaku.tp gk bsa pake limit payleter.,negatif
Belum bisa digunakan lagi paylaternya,negatif
"Payah sekali sekarang akulaku, buat dapat pinjaman selalu tidak lolos susah belasan kali ngajuin, padahal belum pernah nunggak, bayar selau tepat waktu, payah payah payah",negatif
limit payleter ga bisa di gunakan,negatif
Gak Jelas.,negatif
Belum diacc,negatif
"Sama seperti komen yg lain, payleter tdk bisa digunakan, mhn segera diperbaiki sistemnya...",negatif
Kenapa saya ga bisa pinjam? Kemarin bisa samapai saldo 5 JT ko kembali daptar awal...?????,negatif
"Bintang'y aku turunin. Semakin ksinimkibn ga jls,paylater ga bs di pake sama sekali.",negatif
Sayang limit gk bsa msuk,negatif
"Kesal... Punya limit Pay Later Akulaku,tapi tidak bisa digunakan. Saya tidak punya tagihan atau pun tunggakan. Bagaimana caranya punya tagihan, PayLaternya saja tidak bisa digunakan.",negatif
"Saya download apk ini dan mendaftar Namum limit belum tersedia jadi saya tidak mengajukan pinjaman, mohon untuk tidak menyalahgunakan data pribadi saya karena saya tidak meminjam kepada apk ini dari awal Terimakasih ðŸ™",negatif
Limite nya kaga bisa di gunain aneh,negatif
"kenapa banyak sekali no yg menghub saya dlm sehari ad 10x,giliran di angkat malah dimatikan,ada juga yg nlp mengatas nm kan akulaku,dgn iming2 pinjaman 15jt,dan mengirim link lewat sms",negatif
Limit pay later nya banyak tapi gak bisa di gunakan,negatif
"Huh. Ga bisa minjem di akulaku, gagal terus. Ga kaya di ea**c*sh. Yah tidak apaÂ² juga sih tidak di kasih pinjem di akulaku. Mohon maaf saya kasih b2, soalnya tidak bermanfaat bagi saya. ea**c*sh doang yang pengertian memang. Slek ah ga temenan lagi ama akulaku.ðŸ¤£",negatif
Kurang memuaskan klw lagi kepepet punya apk mau pergunakan pay nya selalu tidak bisa mau beli pulsa ataupun pinjaman yang minim sekali pun,negatif
Skrng susah bosku,negatif
Zac 8A sama-sama memiliki. Www,negatif
Saya mau naya knpa aku laku sya gax bsa di pake play later ya sdngkn lmit ya besar tpi gax bsa di pke itu knpa dri prtma mndptkn lmit smpai skrg gx bsa di pke sllu ggl mengajukn mslh ya dmna ya ka mhn pnjlsn ya ... Saya sllu mmbyr taghn lagian tghn cma ptgn blinpls sja itu knma ... Trs di mkad dgn vocer cicilan apa itu knpa mau pke play later aku laku hrs dpt pocer ciciln dlu,negatif
"Saya pengguna pertama langsung di Acc pinjaman 600, bayar tepat waktu. Tapi kenapa tidak bisa pinjam lagi, kenapa Akulaku?",negatif
Sayangnya tidak bisa di gunakan,negatif
"Maaf saya review ulang ,,,saya tadinya nyaman sama aplikasi ini ,tapi saya baru pinjam 1 bulan d suruh balikin dana yg dipinjam ,katanya sedang dalam perbaikan ,klo tidak di kembalikan nanti akan ada double penagihan ,bukti saya udah ada transfer dr pertama yg saya pinjam lagsung saya cicil ,tapi di suruh bayar dan d bantu proses lewat app lain ,ini sangat aneh ,jika terjadi double penagihan saya akan proses hukum ...bukti transfer pembayaran jangan sampai hilang ya gaes .",negatif
saya ingin bayar tagihan saya tapi mengapa tidak ada via bca nya biasanya saya bayar tagihan saya ada via bca tpi knp skrng ga ada,negatif
Apk ga jelas bertahun tahun pake bukan nya makin bagus malah makin ga jelas semua ga bisa di gunakan trus pungsi apk ini apa padahal dulu bagus ga pernah telat lagi adeuh tolong di perbaiki sitem nya ini pake data kena ojk nama kita jdi jelek,negatif
Saya sudah lamA pake play later tapi limit saya tidak naik naik pedahlal saya sudah 3thn pake play later,negatif
"Baru juga 2 hari buat akun, gak digunakan untuk apaÂ² sudah di tlfn nomor tidak dikenal, sehari bisa 5 kali nomor berbeda",negatif
Mau pinjam lagi kok GK bisa padahal bayar GK pernah telat sedang diverifikasi terus menerus,negatif
Jadi mlz lah puunya pinjaman .udah d bayar tepat waktu .tapi ko gk bisa minjem lagi...jadi cuma 1 x gitu .anh bukanya nambah .malah gak bisa,negatif
Saya kurangin bintang nya karna ajuan kredit saya di tolak terus padahal bayar tepat terus,negatif
"Jangan pinjem duit di ,dc ya bar bar barutelat sehari aja mending minjem ya gedeðŸ™„",negatif
"Untuk pembelian apapun diakulaku si gampang, cuma risih bgt Gilak tiap hari ditlpn ngomongin limit pinjaman terus. Sehari bisa 3-4kali tlvn. Gak kepengen pinjem tp lagi lagi ditawarin, diteror. Perasaan dulu ga gitu deh, skrg kenapa cs nya pada ribet bgt si",negatif
"Saya tidak pernah telat membayar pinjaman, tapi pengajukan pinjaman lagi, tidak bisa, karena alasan anda tidak tepat waktu membayarkan, padahal saya sebelum waktu tempo suda saya lunasi",negatif
ini knpa ya akulaku padhal suka beli token pulsa .tpi limit play later gk bisa d pake .trus pinjaman juga jadi gk bisa pdhal saya tuh nasabah amanah bayar juga suka tepat waktu ..sangat kecewa deh sma akulaku sekarang..mulai dri tgl 25 april 2024 unistal aja deh akulaku udah kecewa,negatif
Bintang dua z dl..soalnya pendftran susah di bagian foto ktp.pdhl jk di lht kakek2 pun begitu jls.tp ke apl akulaku di blng krng jls.. ragu deh niat belanja online d sini.,negatif
Pay leter tidak bisa di gunakan,negatif
"Saya sudah 3 kali memcoba pendaftaran paylater nya tetapi tetap ditolak ,pedahal saya belum pernah meminjam atau pun kredit barang di platform mana pun .. tolong gimana solusi nya ?",negatif
Di sini saya udah bayar tagihan ko masih ada,negatif
"Makin kesini,..bukan nya aku laku kian memberikan banyak promo Dan kemudahan,tapi malah memberikan masalah. Banyak seller yang menjual produk reject pun jg harga yang harus di banyak dengan DP untuk bunga nya juga agak menekan.katakan lah,..bunga tidak ringan.",negatif
Sebenar nya aplikasi ini sangat2 membantu tetapi sayang saya sudah bayar sebelum jatuh tempo pas mau ambil lagi tidak bisa ...,negatif
Apk aneh . Bayar ga pernah telat tapi limit malah mkin kecil,negatif
Jelek,negatif
"Baru pake sekali udah gak bisa pakek lagi, padahal bayarnya gak telat...",negatif
"proses cepat , cair tetapi bunga nya tinggi minjem 2 juta tenor 1 bulan kembali 2jt200 bunganya yang tinggi yang membuat saya agak keberatan",negatif
Sudah sering mi jam tpi limit gak naik malah turun,negatif
"Saya bayar beberapa kali tepat waktu tidak perna terlat dan juga paylater saya selalu lunas , kenapa skarang gak bisa pinjam lagi, alasannya knapa ?",negatif
sangat kecewa dengan akulaku...pembayaran tidak pernah telat apalagi nunggak...limit paylater masih 3jt tidak bisa di pakai...klo emang merasa sudah tidak mampu memberi paylater ke pengguna akulaku...mending di buang saja menu paylater di aplikasi akulaku...apa jangan jagan akulaku sudah jadi ilegal...yang wajib di GALBAY...wkwkwkwk BANGKRUT LU AKUKULAKU...makin kesini makin busuk akulaku,negatif
Goreng,negatif
Tersedia limit tp ngga bs dipakai.maksudnya apa cb aplikasi ini,negatif
"Membantu untuk pinjaman dan kredit,, tp kenapa y paylater ny ga bisa dipake LG buat beli pulsa Kurangin Bintang ny aja ahhh",negatif
Buang yah terlalu beras di banding aplikasi lain,negatif
Padahal sudah ada limit paylater tapi tidak bisa di pakai kecewa sama akulaku,negatif
"Saldo paylater tdak bisa digunakan,pertama bikin pikiran saya biar mudah kredit barang, tapi ketika mengajukan kredit barang,selalu gagal",negatif
Bunga gede pembayaran cepat telat sehari lansung lansung di stop pinjaman gk bagus kerja Aku laku padahal udah pakai hampir setahun.. gk ada pengertian sama sekali lama lama pelanggan pada kabur ba,negatif
"aplikasi yg gak suka sama nasabah yg bayar tagihan tepat waktu ,bahkan saya sudah bayar jauh lebih awal pelunasan pinjaman ,,tapi pas mau ajukan pinjaman lagi ,malah di tolak ,,padahal limit sama notif buat ajukan pinjaman sudah ad,,awal nya gua mau kasik bintang 5 ,tapi gak jadi ,2 aja cukup.",negatif
dana cicil ga bisa diambil aneh pdahal ga pernah telat unistal aja ini,negatif
keren abisss..... smoga tambah banyak produk bagus dengan harga miring dan limit pinjaman bisa lebih tinggi ðŸ‘ðŸ‘ðŸ‘ðŸ‘ðŸ‘ðŸ‘ðŸ‘ðŸ‘ðŸ‘,positif
Tolong di perbaikin lgi,negatif
Aplikasi terpercaya,positif
Payleter 2jt kok g bisa dipakai,negatif
Percuma limit besar tidak bisa di gunakan. Semoga segera bisa di gunakan lagi limit akun sayh,negatif
"Untuk tenor peminjaman di berlakukan bayar bulanan nya,",negatif
Bintang 4 dulu deh,positif
dikondisikan,negatif
"mantap limit bertambah, tapi tolong diperpanjang lagi Untuk beberapa kali Cicilannya",positif
Like,positif
sudah hampir setengah thn limit tidak bisa di gunakan kaco mau sampe kapan..tolong lah ada itikat baik nya..ðŸ˜”ðŸ˜”ðŸ˜”,negatif
Pertama cepat cair....tp sayang pas pengajuan yg kedua. Tdk di cc!walaupun di acc limitnya cuma bisa beli gorengan....padahal saya bayar sebelum jatuh tempo....mohon di tinggkatkan lagi,negatif
Sangat membantu skli,positif
Sangat membantu,positif
"Alhamdulillah, aplikasi ini sudah sangat membantu saya dri dulu dan sampai sekarang,gk rugi pokoknya bisa minjam dsni.",positif
Plis dong akulaku pinjaman sya tolong di acc. Perasaan kredit sya gk prnah telat. Byar tpat waktu. Tpi knpa di tolak mulu.,negatif
Sangat membantu,positif
"di aplikasi penajuan 500 s/d sekian. usai bayar pinjaman berubah lagi ketentuannya. Gua mah ora urusss, gua minjem looo cc ya gua ambil, ga yaa udahh ora urussss Minjem ajah. Makin ribetttt , persaratan ini ituu dah banyak aplikasi tempat laen. Pastiii banyak yg ga bayarrr yaaaa di aku laku, ðŸ¤£ðŸ¤£ðŸ¤£ðŸ¤£ðŸ¤£ðŸ¤£ðŸ¤£ðŸ¤£ alias kaburrrrrr tanpa jejak. Semakin ribet di aplikasi aku laku, semakin mals lengkapi data semakin menahan diri buat minjem alhamdulillahhh. Bisa nahan diri .ðŸ¤£ðŸ¤£ðŸ¤£ðŸ¤£ðŸ¤£ðŸ¤£ðŸ¤£ðŸ¤£ðŸ¤£",negatif
Cukup bagus,positif
"Bintang turun 1, sedikit kecewa masa habis pelunasan 5 hari sebelum jatuh tempo kok limit malah makin turun",negatif
Bagus,positif
"Akulaku , aplikasi nya bgs & simple..suksess trus Akulaku ..ðŸ‘",positif
sangat membantu tapi telat 2 hari sudah ndak bisaa di cair kan lagi,negatif
Bintang 3 dulu nanti kalo udah bisa cair lagi pinjaman saya baru bintang 5,positif
Semoga tenor dan limit nya dinaikan,positif
"Lolos verifikasi, pengakuan cepat..",positif
Bagus,positif
Mantap,positif
"Mudah,aman,terpercaya",positif
Terima kasoh atas Approved,positif
Sangat mudah,positif
Nicee,positif
Good lah,positif
Baik dan mudah prosesnya,positif
Kasih 4 dulu .klo di ACC baru kasih 5,positif
Aplikasi yang bagus dan mudah penggunaannya juga cepat proses keuangannya,positif
Tenor gak mau nambah. 30 hari trus apa lah ni,negatif
"baguss ,tapi lama banget prosesnya...",negatif
"Aplikasi yg membantu, tapi kenapa makin lama limit pinjaman makin turun. Padahal saya selalu bayar lebih awal dari tgl pembayaran",negatif
3 dulu bintangny Klo bagus tambahin lg bintangny,negatif
Limit doang ga bisa di pake percuma aje,negatif
Kenapa saya tidak bisa menggunakan payleter padahal limit 3500000??,negatif
Cukup baik tapi limit gk bertambah,negatif
Terimakasih sudah membantu di waktu yg kepepet lagi butuh dana,positif
Bagus sih cuma sayang paylaternya gabisa dipake,negatif
ðŸ‘ tenor nya tolong diperpanjang lagi,negatif
4 dulu ya kalo sesuai..saya kasih ful bintang,positif
"Udah lama pake akulaku tapi , dana cicil ga bisa bisa , mohon pihak akulaku aga membuka dana cicil nyaðŸ™",negatif
"Sekali perifikasi lolos dah lunas cb pinjam lg ga pernah lolos padahal byr tepat waktu dikasih paylater juga ga bisa digunain percuma,,,manding ga usah dikasih paylater klw ga bisa digunain tolong data saya hapus jgn disalahgunain,,,",negatif
Coba dullu klo sukses bru bintang 5,positif
Cuman bisa 1x pinjam doang. Tolong dong admin bisa minjam berapa x,negatif
Oke mantap,positif
Lumayan,positif
"Aplikasinya pinjaman yg cepat n gak terlalu banyak suku bunga, cuma dana cicilan masih belum bisa digunakan",negatif
Pengajuan cepat,positif
Bagus,positif
"ðŸ‘ tenorr nya tolong diperpanjangin lagi, terimakasih",positif
Aneh dikasih limit tapi gabisa dipakai,negatif
Sangat bagus sekali,positif
Top,positif
Ok,positif
Mudah2n di acc,positif
Untuk pinjaman cukup memuaskan sayang hanya tenor 1 bulan saja,negatif
bintang 4 dulu karena pengambilan paylater pulsa ga pernah di setujui,negatif
Bagus sebenarnya tapi untuk saat ini pay later tidak bisa di gunakan,negatif
Untuk saat ini oke,positif
Gak tau baru mau coba,positif
Ga ribet mudah cepat,positif
Kenapa sekarang gak bisa buat isi pulsa/tagihan min?,negatif
Play late gk bisa di gunakan,negatif
"Terims akulaku,bintang 4 dl yaðŸ˜€",positif
ok,positif
Mantaf,positif
Masih harus lebih mantap,positif
Kmrn2 bisa ajukan pinjmn brg atau pun uang ...knp skrg GK bisa ambil brg ya .....,negatif
Mantap ðŸ‘,positif
Sangat membantu,positif
ggal Mulu!,negatif
"Nyaman di pake cuman wmg barang yang dicari, cuman sedikit yang munculnya",negatif
"Cukup membantu keuangan,! Tapi sayangnya bunganya terlalu tinggi..",negatif
Sangat membantu,positif
Bagussd,positif
Terimakasih,positif
"Ada Nomor WA yang bisa di hubungi kah, tolong kirim dong... Sy ada pertanyaan ni",negatif
"WwAqWAaaaw,,de,w td rok edtfrðŸ˜ƒðŸ˜ƒðŸ¤œðŸ’ªðŸ’",negatif
Sangat membantu dwaktu mendesak,positif
Bagus,positif
"Kok makin gak jelas ? Habis beli pulsa pakai paylater berhasil, besok mau beli lagi gak bisa, padahal limit cuma terpakai 10rb",negatif
"Sangat membatu sich Tapi giliran mau pinjam LG g bisa y padahal aku udah g punya tahigan , d situ ada limit tapi pang ngajuin GGL Bae , kecewa sebenarnya",negatif
Bunganya pinjaman di kecilkan lg... Dan jgn trllu bnyk tlpon saat kredit kurang dr 3 hari...bikin risih,negatif
sangat membantu disaat lagi butuh mendadak,positif
Good,positif
Knpa skrng shopee Force close sndri ya tolong donk min perbaiki lg ðŸ™,negatif
Bagus sangat membantu kebutuhan,positif
Saya puas dengan pelayanan akulaku,positif
jos,positif
Knpa gak bisa di buat beli pulsa,negatif
Bagus tapi tolong dong di setujui pinjaman sya,negatif
Alhamdulillah masih bisa bantu,positif
Ok sich sayangnya bunga terlalu tinggi.. Saran saya kedepan bikin program yg rendah ya.,negatif
Gacor,positif
Mantappp klo kit gunakan uang dengan baik insya llh sangat membantu,positif
"Akulaku saya dapat limit pinjaman 3j dan sudah di kirim ke akun saya, tetapi kenapa tidak bisa ya saya mau mengajukan, sebelum nya saya meminjam 2rts tidak ada seminggu saya lunaskan langsung, tolong dong akulaku yang baik acc limit pinjaman saya yang 3jt itu, aku mau tau tolong balas ya Padahal apk yang bagus ini, the bestdeh",positif
nice,positif
Mantap akulaku jos,positif
Masih ada limit tp gk bs digunakan.. saya ganti b5 kalau limit bisa dipakai kembali.. gk pernah ada tunggakan jg tiba2 gk bs dipakai,positif
terpercaya,positif
kak maaf mau tanya aku kemarin download aplikasi akulaku dan sekarang ke hapus anakku sekarang bingung mau bayar gimana caranya mengaktifkan lagi,positif
Mantap lah apk nya,positif
"Sat set , harga bersaing",positif
enak nya pinjam disini cpt dpt duit nya tapi yg paling ak benci gak perlu tlp2 napa haaaaa coba liat apa saya pernah telat byr nya bahkan selalu blm tanggal nya sdh tak byr kok ribut mulu benci ak mesti tlp selalu pas saya masih tdr pagi asal anda tau saya itu buka resto 24 jam saya baru tdr jam 05.00 jd wajar la kalau jam 9 saya masih tdr gitu selalu blm jatuh tempo sdh di tlp2 tolong boleh tlp tp buat nasabah yg bandel jgn ke saya yg selalu byr blm tglnya sdh tak byr,negatif
Oke mantap,positif
Bagus,positif
Mantap...,positif
"Selalu sesuai ,dan ga ribet",positif
Terbantu,positif
Aku laku ok,positif
"Cukup membantu dlm keuangan bulanan, cmn sayang limit pinjaman krg besar dari sebelumnya....ðŸ™",positif
Baguss,positif
amanah,positif
Akulaku memang mantap,positif
Jooooos.membantu.tolong bos bantuanya.terimakasih akulaku. Tolong limit saya yg besar munculkan lagi,positif
Good,positif
Good,positif
"Sangat keren sekali, apalagi paylater nya good, cuma Tolong di kasih Limit paylater yg lebih gede lagi buat akulaku",positif
Memudahkan dan angsurannya murah,positif
Gi manah kalo.ga di kasih pijem lagi kan ke maren belum tau bawa sebelum jatoh tempo udsh di baysrkan buksn lebih bagus ya ini ke napa tida di cairkan lagi,negatif
Sangat puas,positif
Sangat membantu sekali,positif
Tolong dong kak.spaylater y di aktif kan.soal y GK bisa di pake,negatif
Terima kasih ini sangat membantu saya tentang keuangan,positif
Okkk bgdddd,positif
"Makasih akulaku,solusi keuangan yg mantap",positif
Proses sangat cepat,positif
Mantap pol,positif
Aga sedikit kecewa tenor pinjaman ga ada pilihan di bikin satu kali pembayaran,negatif
bagus,positif
Aplikasi nya kayak e eror pinjaman di lu asi sebelum jatuh tempo mau minjam lagi gak bisa,negatif
useful,positif
Mantab lah pokoknya,positif
Ok,positif
Ok,positif
Sangat membantu pisan. Mudah proses,positif
Keren. Gak ribet,positif
Baik pelayanannya,positif
Sangat mudah dan sangat sangat membantu,positif
Sancigat mudah Cicilan akulaku,positif
Ok,positif
"Beli token PLN murah,mantap.",positif
Ga punya akun BPJS jadi ga bisa pinjem uang,negatif
Jos,positif
Pinjam saya kenapa tidak muncul padahal pembayaran bagus sekali,negatif
Terimakasih akulaku,positif
Bagus gampang,positif
Ok pokok nya mantap deh akulaku memang isdebesssðŸ˜ðŸ˜ðŸ˜,positif
Mantap,positif
Mkasih,positif
Good aplikasi OJK terbaik bunga ringan.,positif
"Semoga saja, bermanfaat dan aplikasi nya bagus. Sukses selalu",positif
Sengat membantu untuk para pembisnis.terimakasih akulaku,positif
Thanks akulaku,positif
mantap bnget,positif
Trimakasih akulakuðŸ‘ðŸ‘,positif
"Aplikasi pinjaman kesukaan ini,yg penting bayar tepat waktu, pinjem berapa aja cair",positif
ðŸ‘ thanks,positif
Sayang ny gak bisa nyicil perbulan kalau bisa bunga ny diperkecil lagiðŸ¤—,negatif
The best akulaku membantu para nasabah,positif
Bagusss sangat sangat bagusssa,positif
good aplicatian,positif
Ada apa dgn aku laku lagi Error ya Aplikasinya,negatif
Kok ngga bisa pakai fasilitas,negatif
Sangat membantu d saat blm gajian.bs nyicil pakai akulaju,positif
Sangat membantu dan terimakasih,positif
Sangat membantu saya,positif
Mntap,positif
Transaksi mudah dan terpercaya,positif
"Mantab,terpercaya",positif
Mantap,positif
Mantap,positif
Mantap,positif
Ckp bgs n puas tp tlng dong limit jngn d kurmgn biaasa 2jt cm 1.8,negatif
Aku laku mantab memberikan solusi keuangan saya,positif
Mantap saya suka akulaku,positif
mantap..,positif
sangat bermanfaat sekali..,positif
Terimakasih atas kerjasama nya akulaku,positif
Sangat puas,positif
Mntap,positif
Makasih dh pinjemin saya,positif
Sangat membantu sekali akulaku,positif
Ok,positif
Terima Kasih Bantuannya Selama Nih Sangat Membantu,positif
Oke,positif
Aplikasi nya mantap....cair nya cepat,positif
Sangat baik dan membantu,positif
Bagus sekali,positif
"alhadulillah daftar mudah,pengajuan pinjaman juga cepet",positif
Bagus,positif
"Fitur apk yng sanga mudah sangat membantu buat saya pengalaman pribadi,terimakasih",positif
Waaasik,positif
"Aplikasi nggk bagus ,,saya udh bayar beserta bunganya ,,masih aja ditelpon ,, mengganggu sekali,,kayak nggk ada kerja an aja ,,Jangan pernah hubungi saya lagi!!,,,data saya tolong di hapus,,jangan sampai disalah gunakan,,, padahal saya sudah bayar lunas ,,masih saja ditelpon , mengganggu orang sajaðŸ˜ ðŸ˜ ",negatif
"Dasar tolol notif nya di suru ajukan lgi, tapi tetep aja di tolak. Auto uninstall..",negatif
"Sangat membantu, tapi saya melakukan pembayaran pay later bagus tapi kurang puas karna di batasi utk pembelian pulsa tidak bisa lebih dari 300rb",negatif
Udah dibayar gabisa mnjem lagi,negatif
Ga di ACC ACC knp yh padahal data udh sesuai dan bnr bulan kemarin gagal skrang gagal lagi pengajuan limit,negatif
Kurirnya selalu lama,negatif
Puas,positif
"Dikasih limit tapi ga bisa digunakan, ga guna juga.",negatif
Sumpahin bangkrut,negatif
Pengiriman lemot seler nyh gak jelas klo pesan sekrng d kirim 2 hri bru d kirim kecwa sii,negatif
"Apk gk tau diri, udh di rawat kreditku sampe gk ada tagihan sama sekali giliran pas lagi butuh dana gk bisa di cairin gk ngerti ama sitem nya nanya cs nya itu itu aja jawaban nya udh gk bisa ngasik solusi lagi",negatif
"limit pinjaman mlah turun,nyesel gua lunasin",negatif
Payah pinjeman dan paylater tidak bisa dipakai lagi padahal sudah bayar,negatif
Kurang keren,negatif
"Ini bagaimana sih akulalku saya bayar tepat waktu , paylater sama pinjaman tunai di klik lagi malah tidak bisa semua kecewa saya sebagai akulakulover yg disiplin bayar malah di kecewakan .",negatif
Ga pernah telat tpi sekarang ga bisa pinjam sama pake paylater,negatif
"AKULAKU APLIKASI SAMPAH, PINJAMAN MENUNGGU PENCAIRAN, TAPI TIDAK MASUK REKENING, LEBIH BAIK HAPUS PERMANEN",negatif
"PADA TANGGAL 28 JUNI 2024 SAYA SUDAH MEMBEKUKAN AKUN AKULAKU SAYA & MENGHAPUS APK AKULAKU SAYA DARI HANDPHONE SAYA! HUTANG SUDAH LUNAS, TIDAK ADA LAGI TUNGGAKAN/ANGSURAN! JADI JIKA ADA LAGI PIHAK2 YANG MENGATASNAMAKAN KALIAN, MENCOBA MENGHUBUNGI SAYA & ADA LAGI PENIPU2 YG MENGATASNAMAKAN KALIAN! SAYA AKAN LANGSUNG LAPORKAN KALIAN KE GEDUNG OJK!",negatif
Sangat buruk karena ga bisa d gunain,negatif
Ada limit tapi ga bisa di pakai percuma,negatif
Saya Udah Bayar Tagihan Saya Kenapa masih Ada Yg Telepon Saya terus,negatif
Tidak pernah dii konfirmasi,negatif
"Aku udah berkali-kali daftar buat pinjaman tapi di tolak terus,",negatif
"Pdhl baru telat sehari akulaku,trz kmrn aku lunasi SM yg bulan juli sekalian.....eh malah skr gak bs Ngajukan lagi,bilangx sruh melengkapi data.....dirawat udh lama...gak prnh galbay.....tp malah STLH dilunasi sblm japo yg tagihan bulan juli malah gak bs Ngajukan lagi.....Giman sih akulaku ini, Tahu gtu yg bulan juli gak q bayar dlu.....nunggu japonya",negatif
Apaan sih akulaku parah bangetðŸ˜­ ngajuin tapi nggk di acc dan nggak ada dana masuk tapi ada tagihan .. tolong sistemnya di perbaiki,negatif
Buruk,negatif
Percuma dapet limit tapi tidak bisa di pakek,negatif
limit gak bisa dipake,negatif
"Sekarang akulaku gak kaya dulu mau nyicil hp aja gak bisa terus pengajuan pinjaman tidak lolos terus katanya sekor keredit nya tidak mencukupi Padahal gue setiap pembayaran cicilan gak pernah telat selalu tepat waktu, dan limit akun gue lumayan Sekarang akulaku gak ngebantu kebutuhan gue, sangat mengecewakan",negatif
Ribet mau ganti no aj susah mau minta bantuan admin kudu punya uang buat tlf hadeh. Udah tau pke ktp pake fermuk masih ribet no blm terdaftar di jadikan terdaftar cari apl lain aj yg gk ribet begini taik lah,negatif
"Tidak ada utang tidak ada cicilan tp pay leter dan pinjaman di blokir sementara tp SDH 6 bulan tetap di blokir,kecewa berat pakai akulaku",negatif
Saya merasa dirugikan oleh aplikasi aku laku pay later karena data saya digunakan oleh orang yg tidak bertanggung jawab sehingga cek banking saya jelek.dan kenapa bisa data saya KTP saya dan alamat saya bisa digunakan oleh orang lain apakah keamanan data di akulaku tidak safety..saya tidak pernah menggunakan pay later akulaku mohon pihak akulaku bertanggung jawab atas kerugian yg saya alami.saya hubungi cs lama respon pulsa saya habis banyak sangat merugikan..ðŸ¤¬ðŸ˜¡,negatif
Membagongkan,negatif
kenapa setiap sy pengajuan...sll ad penolakan...pdhl sy dl pny tunggakn sdh sy lunasin smuany tp sdah 2 thun ini sy mmulai pngajuan sll ad pnolskn...ap tkut gx d byr...atau akulaku sdh gx laku lg ap sdh gx ad duitny lg gt y....,negatif
Aku coba tetap gak bisa terus cara yang gimana ya,negatif
"Maaf sy kasih 1,, tolong bersihkan nama sy di slik ojk,, utang sy sudah di lunasin semua,walau blm waktunya tapi sy sudah lunasin,, kenapa nama sy masuk slik ojk,, sekali lagi tolong bersihkan nama sy di slik ojk,,",negatif
Gak pernah di acc,negatif
Gak guna limit banyak gak bisa buat apa apa engga jelas,negatif
Aplikasi parah pinjaman sdh lunas dan bagus terlalu banyak alasan di kasi limit kecil kalah sama tunaiku langsung kasi 20 juta,negatif
"Bangke,, top up pls ga bisa, tp giliran slah no sampe 15 angka top up berhasil,, kemana tuh plz nya sampe 2x lg gua ðŸ¤¦ parah ðŸ‘ŽðŸ‘ŽðŸ‘Ž",negatif
"Kenapa sy bayar gk, malahan msh ada waktu seminggu.. Tdk bs mengajukan pinjaman kembali dengan alasan pembayaran kredit terlambat",negatif
Padahal sudah melunasi sebelum jatuh tempo ko masih ada tagihan lagi permainan macam apa ini tolong klarifikasi,negatif
"Telat 9 hari, udah DC turun. Kalo telat 1bulan gak apa-apa.. mudah-mudahan peminat Nya berkurang/. Amin.... (Doa orang susah itu di jabah sama tuhan)",negatif
Udah pengajuan 2kali ttep gabisa.,negatif
"Tagihana lunas cek limit 15 juta di klik dah ga bisa pinjam lagi ,,, stop main pinjol mereka hanya menjebak kita",negatif
Rumit,negatif
jelek buangwt,negatif
Pengajuan ditolak terus ga kaya di iklan,negatif
"Kecewa banget dengan akulaku sekarang limit kredit udah gak bisa di guna kan lagi padahal bayar gak pernah telat malah sekarang makin parah belanja di akulaku paket udh hampir 1 bulan belom di kirim"" mesan awal bulan smpai sekarang belom di antar",negatif
"Kepada bapak ibu yang terhormat, dikarenakan pinjaman saya atas nama elan suherlan sekarang tidak bisa di ambil, saya mohon meminta untuk menghapus data pribadi saya.. terimakasih",negatif
Pinjaman pertama di acc sudah lunas sebelum waktu nya .. pinjaman ke dua tiba tiba di tolak,negatif
Sangat membantu awal daftar tapi udah mau setahun pake lancar dah taappiii knp udah berkali kali pinjam bahkan gk pernah telat limitnya malah diturunkan terus ðŸ¥´ðŸ™,negatif
Sangat membatu,positif
"Sangat tidak memuaskan, padahal bayar tagihan gk pernah telat malah udah nggk bisa ambil pinjaman",negatif
"aku laku mengecewakan,, sudah bayar nggak pernah telat, nggak pernah pas jatuh tempo ,selalu bayar 2 hari sebelum jatuh tempo, pas ngajukan lagi malah nggak bisa.. ðŸ˜­ðŸ˜­ðŸ˜­ðŸ˜­",negatif
Nagihnya bar bar pdhl cumn telat 3 hri nominal dikit haha,negatif
Pengajuan paylater nya gak bisa gagal terus,negatif
"Paylater gabisa dipake, pinjaman slalu gagal. Pdhl bayar selalu tepat waktu.",negatif
"Saya gk tau apa lasan kenapa limit saya turun dan kredit scor saya tidak mencukupi, padahal saya tidak pernah telat melakukan pembayaran, terus terang saya merasa kecewa karna sudah tidak seperti dulu",negatif
Ko paylater tidak bisa digunakan????,negatif
"Kecewa, pembayaran kredit bagus malah dibilang tidak bagus. Padahal sy sering bayar sebelum tanggal jatuh tempo tapi pas mau ngajuin lg udah ditolak.",negatif
Tidak puas dengan sytemnya,negatif
"Sedih bgttðŸ˜­ðŸ˜­ðŸ˜­padahal aku bayar selalu tepat waktu,gapernah sekalipun lewat jatuh tempoo,tapi kenapa pas mau mengajukan malahhh limit ilang ,dan gabisa pinjem lagiiðŸ˜­ðŸ˜­ðŸ˜­",negatif
"habis dapat tlp bilang limit naik 15jt dgn syarat pinjem brp aja tanpa syarat apapun achh lumayan buat pegangan klo urgent eh besoknya 1hari kemudian dpt tlp lgi limit cuma bisa naik 3jt ya udah tapi pada kenyataannya cuma 2jt nglawak bener ini aku lihat kmrn bisa pinjem cicilan nominal 2 apa 2,5 bisa 3bln cicilanya gitu anehnya skrg tidak ada. Paylater juga gak bisa lgi dipake beli voucher listrik 200rb bisanya cuma 50rb ANEH beli barang di atas 200 itu juga gak bisa.kenapa??",negatif
Aplikasi yang sangat memuaskan..terbaik.Tapi sekarang sudah di bersahabat lagi..sangat kecewa dengan apk ini..,positif
"Gak jelas bangetttt,,, Dikasih limit Paylater dan kredit Offline sama AKULAKU, tapi tidak bisa digunakan, buat apa dikasih limit kalau tidak bisa digunakan, PHP sekali apk nya",negatif
Kenapa aku laku ga bsa login kenapa bisa keluar sendiri padahal sya mau bayr lunas biar ga pusing tolong bantu cs,negatif
Bagus sih bagus ertamanya kedua kalinya di tolak padahal bayar tepat waktu,negatif
"Kode qr g bisa digunakan,disuruh update hapus chace dah tp ttp g bisa,perbaikan sistem dr kmrin",negatif
hari ini hutang pulsaku lunas trimksh tlh membantuku meski sekarang gk bisa ngutang lagi.,positif
Pinjaman ditolak trs... tolong data2 sy di hapus...jg disalah gunakan...,negatif
Nagih mulu blm jatuh tempo juga,negatif
"Saat masuk ada tulisna terlalu sering login, giliran dah nunggu besok tetep aja ga bisa masukðŸ™",negatif
Aneh sya ko d bilang scor kredit tdk memenuhi syarat dan bayarlah tagihan tepat waktu.pinjam aj belum.dan di platfom lain sya tepat waktu ko.,negatif
Saya berikan 2bintang karna saya mengajukan sllu tdk di acc pdhal saya belum pernah meminjam disiini,negatif
awalnya kasih bintang 5 karna apk nya bagus tapi akhir nya benar apk aneh sumpah selalu bayar jauh sebelum jatuh tempo malah limite nurun. habis tu ngak bisa dipakai lagi dengan alasan bayar tidak tepat waktu. padhal bayar selalu jauh sebelum waktunya. aneh. tolong perbaiki sistemnya,negatif
"Nagih mulu blm jatuh tempo juga, gak guna",negatif
Gk bisa ngambil cicilan lagi susah.,negatif
"Adm nya besar banget, dan tidak ada promo2 untuk pelanggang lama.",negatif
Kenapa pay later tidak bisa di pakai,negatif
Pengajuan pertama di acc stelah sy byr lunas brp kali pengajuan slalu di tolak bingung mending dari awal tidak di acc pengajuan pertama,negatif
Playlater tidak bisa digunakan padahal tidak pernah telat bayar,negatif
kok paylater sekrang tidak bisa di gunakan ya.padahal tidak pernah telat,negatif
setelah pelunasan pertama malah tidak bisa pinjam lagi..dan paylater saya tidak bisa digunakan,negatif
Payleter tidak bisa di gunakan.. GK bisa nyicil barang percumaaa,negatif
"ah ga jelas, masa mau ajukan pinjaman lagi gabisa. padahal udah lunas! gimana sih min?! terus beli kouta/pulsa/barang apapun pake limit juga gabisa, hadeh gimana dah",negatif
"Paylater nya klo udh di pake 1x gk bisa di gunain lgi,contoh nya isi pulsa trus mau bayar token listrik udh gk bisa",negatif
Akulaku kenapa PayLater ku beku gk bisa di gunakan ya dulu lancar lancar aja.. setelah ku perbarui app nya malah beku gk bisa belanja lagiðŸ˜­ðŸ˜­,negatif
"Dulu membntu bgt apk ini, tpi smnjak limit turun pdhl byr ga prnh telat jdi bnr bnr kecewa skrngðŸ˜¥, tolong fi tingkatkan lagi di perbaiki lgi..",negatif
"Duh sayang apk ini bagus sekali tp ko sy dah byr lunas knp nggak d acc lgi,padahl trs"" nawarin ,dn pinjaman dan paylater jg limitnya dah ada tp ko nggak bisa digunakn mubazir banget ya ,mhn petimbangan aturannya",negatif
Lambat 2 hari bayar denda tapi uda g bisa minjam lagi,negatif
"saya sudah melakukan pelunasan 5 hari sebelum jatuh tempo,limit pinjaman di naikan,ketika melakukan peminjaman ulang selalu di tolak.mengekewakan.",negatif
"Saya kasih bintang 2 dulu Krn saya blm bisa pinjam ke apk akulaku,di karenakan nama ibu kandung uda saya tulis yg asli tetap juga salah?",negatif
"Telat bayar cm 3 hari doank tp udh di lunasin.. eh,mau ngajuin pinjaman lg gak bisa.. aneh!!! Pelit!!",negatif
"Pembayaran TIDAK PERNAH TERLAMBAT, saat sudah lunas, mau pengajuan lagi malah Ditolak, Terbaik memang, haadeeehhh",negatif
"Akun sy sdh tidak bisa digunakan untuk belanja cicilan, bagaimana caranya hapus akun dan data saya agar aman dan tidak disalah gunakan..",negatif
Knp ketika mau mlakukan pinjaman kedua gagal tdk lolos verifikasi terus ?? dgn alasan harap bayar cicilan tepat waktu dipinjaman sblm nya pdahal ktika pinjaman awal sya bayar lbih awal 2minggu sblm jtuh tempo lgsung dilunasin,negatif
terlalu bawel kl telat sehari atau 2 hari,negatif
Gmna sih padahal sebelum jatuh tempo udah dibayar Tpi pengajuan ke dua susah. tolong lah kalau yg bagus angsurannya dipercepat biar nasabah tidak kecewa,negatif
"Limit pinjaman gak naik2, dr 1,t naik jadi 3 juta. Eh malah turun lagi 1,5...padahal di lunasin loh",negatif
"Cukup baik, tapi kenapa sekarang saya ga bisa cicil barang ðŸ˜­ðŸ˜­ðŸ˜­",negatif
Akulaku pinjol top,positif
Mohon akun saya bisa dapat cicil barang kembali. Saya sudah belanja dan bayar tepat waktu.,negatif
membantu,positif
Bagus si lumayan murah tpi dana cicilnya gak bisa terbuka dan pinjaman hanya bisa diangsur 1 bulan saja,positif
Terimkasih,positif
"Sangat bagus dan mudah digunakanini aplikasi , cuman kenapa sekarang fitur paylater tidak bisa digunakan sangat sayang padahal saya sudah dapat limit besar, tolong diperbaiki",positif
Tiada kata2 buat akulaku pokoknya josss,positif
Apakah gara gara pernah telat bayar jadi tidak bisa melakukan pinjaman kembali,negatif
"Untuk tiket com kalau bisa di tambahkan tiket kapal pelni dan di tiket fery blum lengkap smua pelabuhan di seluruh indonesi,kalau bisa di tambahkanðŸ‘",negatif
Terima kasih,positif
Gk bisa cicilan,negatif
Ko ga bisa ajyin dana cicilan y,negatif
Untuk pemula saya puas,positif
Pernah kecewa sama aku lakukan walaupun pernah jatuh tempo tapi dari pihak penagihnya gak sopan bikin malas saja sama yang nagihnya. Tapi aku puas pakai ini Akulaku selama ini tapi tolong limit aku di buka agar aku bisa ngasi ðŸŒŸ 1 lagi mksh,negatif
spelayter ditolak trus kenapa ya padahal bayar sllu tepat tpi udah gk bisa dipake lagi.....,negatif
mendukung,positif
"Aplikasi yang sangat teristimewa,,,, udah sering mencoba pada aplikasi serupa,,, namun sangat ribet dalam setiap prosesnya,, sangat beda dengan akulak, yg selalu mudah dalam step stepnya,,, untuk syarat yg diperlukan juga tidak banyak,,, hanya butuh KTP aja maka bisa cepat diacc,,, untuk solusi finance keuangan ini memang sangat layak sekali,,, karena udah 7 kali melakukan pinjaman hasilnya selalu mudah untuk pengembalian,,, dan sama sekali tidak ada hambatan didalamnya.",positif
Sangat membantu tapi saya kecewa karena saya melunaskan pinjaman 1 bln sblum waktunya karena mau ngajuin lgi tpi malah ga bisa,positif
Gak di acc terus,negatif
Aplikasinya ok,positif
Jangan mahal mahal dong barang nya,negatif
Oke,positif
Susah membantu pas ada kesalahan sedikit aja,negatif
"Masak pinjam dah lunas ngajukan LG gak bisa gagal terus maka belum jatuh tempo,,anehhhh",negatif
Bgus bertahan aja,positif
Mohon maaf mohon bantuannya knp pembayaran tagihan saya tidak bisa terus ketika melakukan pembayaran.,negatif
Good,positif
Cukup membantu,positif
Paylaternya malah ga bs di pake Padahal limit banyak,negatif
Good,positif
Bagus bisa membantuðŸ‘ðŸ‘ðŸ‘,positif
Terimakasih semoga amanah,positif
thebest,positif
"Sya seneng dengan apk ini, wlu blm pernh blnja tapi untuk pengaktipan limit bisa d acc lngsung",positif
"Sya senang skli dgn akulaku awalnya sangat membantu tp sayangnya dlu aq prnh pinjam 2,5 pdhl mbyrnya slalu tepat wktu tp stlh lunas knp limitnya mlh menurun jadi 800 skrg gk bsa pakai dana cicil trs paylaternya skrg jg gk bsa d pakai pdhl dulu lancar"" aja.knp ya,,,,???",negatif
Tolong di ACC pinjaman saya buat berobat,positif
Sangat bagus,positif
Mantap,positif
Bagus,positif
sebelum tgl pembayaran mohon jgn di telfon2 y min.risih bngettt,negatif
"Keren ya aku sangat puasss bisa beli apa sja belanja lewat apk akulaku dpt limitnya banyak, gak ada ribet2",positif
Aku pengguna lama. Pinjamnya sangat cepat di konfirmasi.. tapi sayang tenornya singkat cuma sebulan. Tolong donk min tambahin tenor yg 2 3 bulan dgn bunga rendah ðŸ¥º,positif
Kenapa setelah saya lunasi dan ga pernah bayar telat kok limit saya tambah turun bos? Parah sih ini mah.kaya ga bayar aja. Semakin parah sih.turun limit nya.. bayar ga pernah telat.,negatif
"kalau limit bisa digunakan lagi,saya naikin bintang nya",negatif
"Mantap sangat membatu bagi saya,,,, Terima kasih akulaku,",positif
"kok gabisa pinjam lagi, padahal gak pernah telat bayar, bayanyar tepat waktu.",negatif
Cukup membantu,positif
Ya gtu lah,positif
Aplikasi ini sangat membantu tpi entah kenapa saya bayar tidak pernah telat sama sekali limite spaylatter dan pinjaman tunai saya tiba2 di beku kan..,negatif
Good......,positif
Dlu apk ini membantu banget klo lagi nanggung tanggal tua bisa belanja online/ ke indo dlu sekarang udah gk bisa? Kapan nih buat belanja online/ belanja ke indo alfa di buka lagi? Soalnya itu sangat membantu,negatif
Aplikasi sangat membantu,positif
Baik mantap,positif
Sangat bagus sekali,positif
"Saya pengguna baru, proses transaksi tidak ribet & semua serba cepat prosesnya",positif
The best pokonya akulaku,positif
"Baik bagus, dan mantap",positif
"Sangat membantu dalam keadaan mendadak, terimakasih",positif
Sangat membantu,positif
sangat membantuðŸ‘ðŸ»ðŸ‘ðŸ»ðŸ‘ðŸ»ðŸ‘ðŸ»ðŸ‘ðŸ»,positif
error,negatif
tolong dong gak pernah terlambat bayar tiba2 pengajuan berikutnya gagal terus kenapa sih?,negatif
Cepat tanggap,positif
Sangat membantu disaat sedang boke,positif
sangat membantu,positif
Bagus cepat,positif
Mantap sekali,positif
sangat bagus dan cepat,positif
Mantap,positif
"Sangat bangus,apk sangat membantu jika mengalami kekurangan dana di pertengahan bulan ðŸ¤­",positif
sangat membantu,positif
"Alhamdulillah bisa cepat slsai bayar nya, terima kasih aku laku...",positif
Akulaku memang top,positif
"Saya Telah Daftar limit Tolong di konfirmasi buat modal usaha, Saya sudah kasih Rating 5 bintang nih, mohon di acc Min",positif
Mantap,positif
Top markotop,positif
"Bagus dan baik, pelayanan cepat",positif
Sangat bagus aplikasi akulaku ini sangat bagus proses pinjaman nya cepat dan proses nya ga butuh lama langsung cair,positif
Sangat menarik dan ramah,positif
"Aplikasi ini sudah kehilangan satu nasabah baik,yaitu saya, saya bayar sebelum jatuh tempo pas saya ngajuin lagi gagal terus, tolong hapus data-data saya ðŸ˜¡ðŸ˜¡ðŸ˜¡",negatif
Sangat terpercaya,positif
gercep,positif
Kelass,positif
Udah lama pke apk ini suka g ribet sie tp syang skrng ag susah chat cs g ngerti yg ditnya apa di jawab apa,positif
Good job,positif
Oke,positif
Sangat puas,positif
"Bagus, saya puas",positif
Sangat menarik dan membantu,positif
Terima kasih kula,positif
sangat membantu...,positif
Untuk pengajuan pinjaman tolkngbjngn di persulit ya,negatif
Membantu,positif
Proses tanpa berbelit.. .. .kurang dari 10 mnt dana pinjaman dan pay later nya sdh bisa di manfaatkan...smoga bs menjadi rekanan dan saling menguntungkan..Lancar Jaya buat pinjol akulaku. .!!!...trmksh.,positif
Bagus dan mantap,positif
Apk terpercaya,positif
Mantap,positif
Trimksih Sudh cukup membantu,positif
"Good job, tetapi limitnya ga bisa digunakan",positif
